StartDate,EndDate,Status,IPAddress,Progress,Duration (in seconds),Finished,RecordedDate,ResponseId,RecipientLastName,RecipientFirstName,RecipientEmail,ExternalReference,LocationLatitude,LocationLongitude,DistributionChannel,UserLanguage,subjectid,AQ1,AQ2,AQ3,AQ4,AQ5,AQ6,AQ7,AQ8,AQ9,AQ10,AQ11,AQ12,AQ13,AQ14,AQ15,AQ16,AQ17,AQ18,AQ19,AQ20,AQ21,AQ22,AQ23,AQ24,AQ25,AQ26,AQ27,AQ28,AQ29,AQ30,AQ31,AQ32,AQ33,AQ34,AQ35,AQ36,AQ37,AQ38,AQ39,AQ40,AQ41,AQ42,AQ43,AQ44,AQ45,AQ46,AQ47,AQ48,AQ49,AQ50,SC0
Start Date,End Date,Response Type,IP Address,Progress,Duration (in seconds),Finished,Recorded Date,Response ID,Recipient Last Name,Recipient First Name,Recipient Email,External Data Reference,Location Latitude,Location Longitude,Distribution Channel,User Language,◊û◊°◊§◊® ◊û◊©◊™◊™◊£:,◊ê◊†◊ô ◊û◊¢◊ì◊ô◊£/◊î ◊ú◊¢◊©◊ï◊™ ◊ì◊ë◊®◊ô◊ù ◊ô◊ó◊ì ◊¢◊ù ◊ê◊ó◊®◊ô◊ù ◊ï◊ú◊ê ◊ú◊ë◊ì◊ô,◊ê◊†◊ô ◊û◊¢◊ì◊ô◊£/◊î ◊ú◊¢◊©◊ï◊™ ◊ì◊ë◊®◊ô◊ù ◊ë◊ê◊ï◊™◊ï ◊î◊ê◊ï◊§◊ü ◊©◊ï◊ë ◊ï◊©◊ï◊ë,◊õ◊©◊ê◊†◊ô ◊û◊†◊°◊î ◊ú◊ì◊û◊ô◊ô◊ü ◊û◊©◊î◊ï ◊ß◊ú ◊ú◊ô ◊û◊ê◊ï◊ì ◊ú◊ô◊¶◊ï◊® ◊™◊û◊ï◊†◊î ◊ë◊®◊ê◊©◊ô,◊ú◊¢◊ô◊™◊ô◊ù ◊ß◊®◊ï◊ë◊ï◊™ ◊ê◊†◊ô ◊©◊ï◊ß◊¢/◊™ ◊¢◊û◊ï◊ß ◊õ◊ú-◊õ◊ö ◊ë◊ì◊ë◊® ◊ê◊ó◊ì ◊¢◊ì ◊©◊ê◊†◊ô ◊û◊§◊°◊ô◊ß/◊î ◊ú◊®◊ê◊ï◊™ ◊ì◊ë◊®◊ô◊ù ◊ê◊ó◊®◊ô◊ù,◊ú◊ê ◊§◊¢◊ù ◊ê◊†◊ô ◊©◊ù/◊î ◊ú◊ë ◊ú◊ß◊ï◊ú◊ï◊™ ◊ó◊ú◊©◊ô◊ù ◊©◊ê◊ó◊®◊ô◊ù ◊ê◊ô◊†◊ù ◊©◊û◊ô◊ù ◊ú◊ë ◊ê◊ú◊ô◊î◊ù,◊ë◊ì◊®◊ö-◊õ◊ú◊ú ◊ê◊†◊ô ◊©◊ù/◊î ◊ú◊ë ◊ú◊û◊°◊§◊®◊ô ◊û◊õ◊ï◊†◊ô◊ï◊™ ◊ê◊ï ◊ú◊§◊®◊ò◊ô ◊û◊ô◊ì◊¢ ◊ì◊ï◊û◊ô◊ù,"◊ê◊†◊©◊ô◊ù ◊ê◊ï◊û◊®◊ô◊ù ◊ú◊ô ◊§◊¢◊û◊ô◊ù ◊®◊ë◊ï◊™ ◊©◊û◊î ◊©◊ê◊û◊®◊™◊ô ◊ú◊ê ◊û◊†◊ï◊û◊°, ◊ê◊£ ◊¢◊ú ◊§◊ô ◊©◊ú◊ô ◊†◊®◊ê◊î ◊©◊î◊ô◊ô◊™◊ô ◊û◊†◊ï◊û◊°",◊õ◊©◊ê◊†◊ô ◊ß◊ï◊®◊ê/◊™ ◊°◊ô◊§◊ï◊® ◊ê◊†◊ô ◊ô◊õ◊ï◊ú/◊î ◊ú◊ì◊û◊ô◊ô◊ü ◊ë◊ß◊ú◊ï◊™ ◊ê◊ô◊ö ◊†◊®◊ê◊ï◊™ ◊î◊ì◊û◊ï◊ô◊ï◊™,◊™◊ê◊®◊ô◊õ◊ô◊ù ◊û◊®◊™◊ß◊ô◊ù ◊ê◊ï◊™◊ô,◊ë◊ß◊ë◊ï◊¶◊î ◊ó◊ë◊®◊™◊ô◊™ ◊ê◊†◊ô ◊û◊°◊ï◊í◊ú/◊™ ◊ë◊ß◊ú◊ï◊™ ◊ú◊¢◊ß◊ï◊ë ◊ê◊ó◊® ◊õ◊û◊î ◊ï◊õ◊û◊î ◊©◊ô◊ó◊ï◊™ ◊©◊ú ◊ê◊†◊©◊ô◊ù,◊ê◊†◊ô ◊û◊°◊™◊ì◊®/◊™ ◊ë◊ß◊ú◊ï◊™ ◊ë◊°◊ô◊ò◊ï◊ê◊¶◊ô◊ï◊™ ◊ó◊ë◊®◊™◊ô◊ï◊™,◊ê◊†◊ô ◊†◊ï◊ò◊î ◊ú◊î◊ë◊ó◊ô◊ü ◊ë◊§◊®◊ò◊ô◊ù ◊©◊ê◊ó◊®◊ô◊ù ◊ê◊ô◊†◊ù ◊û◊ë◊ó◊ô◊†◊ô◊ù ◊ë◊î◊ù,◊ê◊†◊ô ◊û◊¢◊ì◊ô◊£/◊î ◊ë◊ô◊ú◊ï◊ô ◊ë◊°◊§◊®◊ô◊ô◊î ◊¢◊ú ◊§◊†◊ô ◊ë◊ô◊ú◊ï◊ô ◊ë◊û◊°◊ô◊ë◊î,◊ß◊ú ◊ú◊ô ◊ú◊î◊û◊¶◊ô◊ê ◊°◊ô◊§◊ï◊®◊ô◊ù,◊ê◊†◊ô ◊†◊û◊©◊ö/◊™ ◊ú◊ë◊†◊ô-◊ê◊ì◊ù ◊ô◊ï◊™◊® ◊û◊ê◊©◊® ◊ú◊¢◊¶◊û◊ô◊ù,◊ô◊© ◊ú◊ô ◊™◊ó◊ï◊û◊ô ◊¢◊†◊ô◊ô◊ü ◊û◊ï◊í◊ì◊®◊ô◊ù ◊î◊ô◊ò◊ë ◊ï◊ê◊†◊ô ◊û◊™◊¢◊¶◊ë◊ü/◊™ ◊õ◊©◊ê◊†◊ô ◊ú◊ê ◊ô◊õ◊ï◊ú/◊î ◊ú◊¢◊°◊ï◊ß ◊ë◊î◊ù,◊ê◊†◊ô ◊†◊î◊†◊î/◊™ ◊û◊©◊ô◊ó◊™ ◊ó◊ï◊ú◊ô◊ü ◊ó◊ë◊®◊™◊ô◊™,◊õ◊©◊ê◊†◊ô ◊û◊ì◊ë◊®/◊™ ◊ú◊ê ◊™◊û◊ô◊ì ◊ß◊ú ◊ú◊ê◊ó◊®◊ô◊ù ◊ú◊î◊©◊ó◊ô◊ú ◊û◊ô◊ú◊î,◊û◊°◊§◊®◊ô◊ù ◊û◊®◊™◊ß◊ô◊ù ◊ê◊ï◊™◊ô,"◊õ◊©◊ê◊†◊ô ◊ß◊ï◊®◊ê/◊™ ◊°◊ô◊§◊ï◊®, ◊ß◊©◊î ◊ú◊ô ◊ú◊î◊ë◊ô◊ü ◊ê◊™ ◊õ◊ï◊ï◊†◊ï◊™◊ô◊î◊ü ◊©◊ú ◊î◊ì◊û◊ï◊ô◊ï◊™",◊ê◊†◊ô ◊ú◊ê ◊õ◊ú ◊õ◊ö ◊†◊î◊†◊î/◊™ ◊ú◊ß◊®◊ï◊ê ◊°◊§◊®◊ï◊™ ◊ô◊§◊î,◊ß◊©◊î ◊ú◊ô ◊ú◊®◊õ◊ï◊© ◊ó◊ë◊®◊ô◊ù ◊ó◊ì◊©◊ô◊ù,◊ê◊†◊ô ◊©◊ù/◊î ◊ú◊ë ◊ú◊ì◊§◊ï◊°◊ô◊ù ◊ë◊õ◊ú ◊û◊ô◊†◊ô ◊ì◊ë◊®◊ô◊ù ◊õ◊ú ◊î◊ñ◊û◊ü,◊ê◊†◊ô ◊û◊¢◊ì◊ô◊£/◊î ◊ë◊ô◊ú◊ï◊ô ◊ë◊™◊ô◊ê◊ò◊®◊ï◊ü ◊¢◊ú ◊§◊†◊ô ◊ë◊ô◊ú◊ï◊ô ◊ë◊û◊ï◊ñ◊ô◊ê◊ï◊ü,◊ê◊†◊ô ◊ú◊ê ◊û◊ï◊ò◊®◊ì/◊™ ◊õ◊©◊©◊í◊®◊™ ◊î◊ô◊ï◊ù ◊©◊ú◊ô ◊û◊ï◊§◊®◊™,◊ú◊¢◊ô◊™◊ô◊ù ◊ß◊®◊ï◊ë◊ï◊™ ◊û◊™◊ë◊®◊® ◊ú◊ô ◊©◊ê◊†◊ô ◊ú◊ê ◊ô◊ï◊ì◊¢/◊™ ◊ú◊î◊ó◊ñ◊ô◊ß ◊©◊ô◊ó◊î ◊©◊ú◊ê ◊™◊í◊ï◊ï◊¢,"◊ß◊ú ◊ú◊ô ""◊ú◊ß◊®◊ï◊ê ◊ë◊ô◊ü ◊î◊©◊ï◊®◊ï◊™"" ◊õ◊©◊û◊ô◊©◊î◊ï ◊û◊ì◊ë◊® ◊ê◊ú◊ô◊ô",◊ë◊ì◊®◊ö ◊õ◊ú◊ú ◊ê◊†◊ô ◊û◊™◊®◊õ◊ñ/◊™ ◊ë◊™◊û◊ï◊†◊î ◊ï◊ú◊ê ◊ë◊§◊®◊ò◊ô◊ù ◊î◊ß◊ò◊†◊ô◊ù,◊ê◊ô◊ü ◊ú◊ô ◊ñ◊ô◊õ◊®◊ï◊ü ◊ò◊ï◊ë ◊ú◊û◊°◊§◊®◊ô ◊ò◊ú◊§◊ï◊ü,◊ë◊ì◊®◊ö-◊õ◊ú◊ú ◊ê◊†◊ô ◊ú◊ê ◊û◊ë◊ó◊ô◊ü/◊î ◊ë◊©◊ô◊†◊ï◊ô◊ô◊ù ◊ß◊ú◊ô◊ù ◊ë◊°◊ô◊ò◊ï◊ê◊¶◊ô◊î ◊ê◊ï ◊ë◊û◊®◊ê◊î◊ï ◊©◊ú ◊ê◊ó◊®,◊ê◊†◊ô ◊û◊ë◊ó◊ô◊ü/◊î ◊û◊ô◊ì ◊õ◊©◊ê◊ì◊ù ◊©◊û◊ß◊©◊ô◊ë ◊ú◊ô ◊û◊™◊ó◊ô◊ú ◊ú◊î◊©◊™◊¢◊û◊ù,◊ß◊ú ◊ú◊ô ◊ú◊¢◊©◊ï◊™ ◊õ◊û◊î ◊ì◊ë◊®◊ô◊ù ◊ë◊ë◊™ ◊ê◊ó◊™,"◊õ◊©◊ê◊†◊ô ◊û◊ì◊ë◊®/◊™ ◊ë◊ò◊ú◊§◊ï◊ü, ◊ê◊†◊ô ◊ú◊ê ◊ë◊ò◊ï◊ó/◊î ◊û◊™◊ô ◊™◊ï◊®◊ô ◊ú◊ì◊ë◊®",◊ê◊†◊ô ◊†◊î◊†◊î/◊™ ◊ú◊¢◊©◊ï◊™ ◊ì◊ë◊®◊ô◊ù ◊ë◊ê◊ï◊§◊ü ◊°◊§◊ï◊†◊ò◊†◊ô,◊ú◊ê ◊§◊¢◊ù ◊ê◊†◊ô ◊î◊ê◊ó◊®◊ï◊ü/◊î ◊©◊û◊ë◊ô◊ü ◊ë◊ì◊ô◊ó◊î,◊ê◊†◊ô ◊û◊ë◊ó◊ô◊ü/◊î ◊ë◊ß◊ú◊ï◊™ ◊û◊î ◊ê◊ì◊ù ◊ê◊ó◊® ◊ó◊ï◊©◊ë ◊ê◊ï ◊û◊®◊í◊ô◊© ◊û◊û◊®◊ê◊î ◊§◊†◊ô◊ï ◊ë◊ú◊ë◊ì,"◊õ◊©◊û◊§◊®◊ô◊¢◊ô◊ù ◊ú◊ô, ◊ê◊†◊ô ◊ô◊õ◊ï◊ú/◊î ◊ú◊ó◊ñ◊ï◊® ◊ú◊û◊î ◊©◊¢◊©◊ô◊™◊ô ◊ú◊§◊†◊ô ◊õ◊ü ◊ë◊û◊î◊ô◊®◊ï◊™ ◊®◊ë◊î",◊ê◊†◊ô ◊ò◊ï◊ë/◊î ◊ë◊©◊ô◊ó◊™ ◊ó◊ï◊ú◊ô◊ü ◊ó◊ë◊®◊™◊ô◊™,◊ê◊†◊©◊ô◊ù ◊ê◊ï◊û◊®◊ô◊ù ◊ú◊ô ◊§◊¢◊û◊ô◊ù ◊®◊ë◊ï◊™ ◊©◊ê◊†◊ô ◊û◊ì◊ë◊® ◊¢◊ï◊ì ◊ï◊¢◊ï◊ì ◊¢◊ú ◊ê◊ï◊™◊ï ◊î◊ì◊ë◊®,"◊õ◊©◊î◊ô◊ô◊™◊ô ◊¶◊¢◊ô◊®/◊î ◊†◊î◊†◊ô◊™◊ô ◊ú◊©◊ó◊ß ◊¢◊ù ◊ô◊ú◊ì◊ô◊ù ◊ê◊ó◊®◊ô◊ù ◊ë◊û◊©◊ó◊ß◊ô ""◊õ◊ê◊ô◊ú◊ï""","◊ê◊†◊ô ◊ê◊ï◊î◊ë/◊™ ◊ú◊ê◊°◊ï◊£ ◊û◊ô◊ì◊¢ ◊¢◊ú ◊°◊ï◊í◊ô◊ù ◊©◊ú ◊ì◊ë◊®◊ô◊ù (◊ú◊û◊©◊ú, ◊°◊ï◊í◊ô ◊û◊õ◊ï◊†◊ô◊ï◊™, ◊û◊ô◊†◊ô ◊¶◊ô◊§◊ï◊®◊ô◊ù, ◊°◊ï◊í◊ô ◊®◊õ◊ë◊ï◊™, ◊û◊ô◊†◊ô ◊¶◊û◊ó◊ô◊ù ◊ï◊õ◊ï')",◊ß◊©◊î ◊ú◊ô ◊ú◊ì◊û◊ô◊ô◊ü ◊ê◊ô◊ö ◊ñ◊î ◊ú◊î◊ô◊ï◊™ ◊ê◊ì◊ù ◊ê◊ó◊®,◊ê◊†◊ô ◊ê◊ï◊î◊ë/◊™ ◊ú◊™◊õ◊†◊ü ◊ë◊ß◊§◊ô◊ì◊î ◊õ◊ú ◊§◊¢◊ô◊ú◊ï◊™ ◊©◊ê◊†◊ô ◊û◊©◊™◊™◊£/◊™ ◊ë◊î,◊ê◊†◊ô ◊†◊î◊†◊î/◊™ ◊û◊ê◊ô◊®◊ï◊¢◊ô◊ù ◊ó◊ë◊®◊™◊ô◊ô◊ù,◊ê◊†◊ô ◊û◊™◊ß◊©◊î ◊ú◊î◊ë◊ô◊ü ◊ê◊™ ◊õ◊ï◊ï◊†◊ï◊™◊ô◊î◊ù ◊©◊ú ◊ê◊ó◊®◊ô◊ù,◊û◊¶◊ë◊ô◊ù ◊ó◊ì◊©◊ô◊ù ◊û◊¢◊ï◊®◊®◊ô◊ù ◊ë◊ô ◊ó◊®◊ì◊î,◊ê◊†◊ô ◊†◊î◊†◊î/◊™ ◊ú◊î◊õ◊ô◊® ◊ê◊†◊©◊ô◊ù ◊ó◊ì◊©◊ô◊ù,◊ê◊†◊ô ◊ì◊ô◊§◊ú◊ï◊û◊ò/◊ô◊™ ◊ò◊ï◊ë/◊î,◊ê◊†◊ô ◊ú◊ê ◊û◊¶◊ò◊ô◊ô◊ü/◊™ ◊ë◊ñ◊õ◊ô◊®◊™ ◊ô◊û◊ô ◊î◊î◊ï◊ú◊ì◊™ ◊©◊ú ◊ê◊†◊©◊ô◊ù ◊ê◊ó◊®◊ô◊ù,◊ß◊ú ◊ú◊ô ◊û◊ê◊ï◊ì ◊ú◊©◊ó◊ß ◊¢◊ù ◊ô◊ú◊ì◊ô◊ù ◊ë◊û◊©◊ó◊ß◊ô◊ù ◊©◊õ◊®◊ï◊õ◊ô◊ù ◊ë◊î◊¢◊û◊ì◊™ ◊§◊†◊ô◊ù,Score
"{""ImportId"":""startDate"",""timeZone"":""Europe/Athens""}","{""ImportId"":""endDate"",""timeZone"":""Europe/Athens""}","{""ImportId"":""status""}","{""ImportId"":""ipAddress""}","{""ImportId"":""progress""}","{""ImportId"":""duration""}","{""ImportId"":""finished""}","{""ImportId"":""recordedDate"",""timeZone"":""Europe/Athens""}","{""ImportId"":""_recordId""}","{""ImportId"":""recipientLastName""}","{""ImportId"":""recipientFirstName""}","{""ImportId"":""recipientEmail""}","{""ImportId"":""externalDataReference""}","{""ImportId"":""locationLatitude""}","{""ImportId"":""locationLongitude""}","{""ImportId"":""distributionChannel""}","{""ImportId"":""userLanguage""}","{""ImportId"":""QID53_TEXT""}","{""ImportId"":""QID3""}","{""ImportId"":""QID4""}","{""ImportId"":""QID5""}","{""ImportId"":""QID6""}","{""ImportId"":""QID7""}","{""ImportId"":""QID8""}","{""ImportId"":""QID9""}","{""ImportId"":""QID10""}","{""ImportId"":""QID11""}","{""ImportId"":""QID12""}","{""ImportId"":""QID13""}","{""ImportId"":""QID14""}","{""ImportId"":""QID15""}","{""ImportId"":""QID16""}","{""ImportId"":""QID17""}","{""ImportId"":""QID18""}","{""ImportId"":""QID19""}","{""ImportId"":""QID20""}","{""ImportId"":""QID21""}","{""ImportId"":""QID22""}","{""ImportId"":""QID23""}","{""ImportId"":""QID24""}","{""ImportId"":""QID25""}","{""ImportId"":""QID26""}","{""ImportId"":""QID27""}","{""ImportId"":""QID28""}","{""ImportId"":""QID29""}","{""ImportId"":""QID30""}","{""ImportId"":""QID31""}","{""ImportId"":""QID32""}","{""ImportId"":""QID33""}","{""ImportId"":""QID34""}","{""ImportId"":""QID35""}","{""ImportId"":""QID36""}","{""ImportId"":""QID37""}","{""ImportId"":""QID38""}","{""ImportId"":""QID39""}","{""ImportId"":""QID40""}","{""ImportId"":""QID41""}","{""ImportId"":""QID42""}","{""ImportId"":""QID43""}","{""ImportId"":""QID44""}","{""ImportId"":""QID45""}","{""ImportId"":""QID46""}","{""ImportId"":""QID47""}","{""ImportId"":""QID48""}","{""ImportId"":""QID49""}","{""ImportId"":""QID50""}","{""ImportId"":""QID51""}","{""ImportId"":""QID52""}","{""ImportId"":""SC_0vzn9FSsthOsJpA""}"
13/12/2023 18:23,13/12/2023 18:33,0,2.52.75.129,100,594,1,13/12/2023 18:33,R_21h22B9is7Qkov5,,,,,32.0803,34.7805,anonymous,HE,uT2p5Kxu,1,0,0,1,1,0,0,0,1,1,0,1,0,1,0,1,0,0,0,1,0,0,0,0,1,0,0,1,0,1,1,1,1,1,1,0,1,0,1,0,1,1,0,0,1,1,0,1,1,0,25
15/12/2023 18:40,15/12/2023 18:44,0,79.183.188.134,100,240,1,15/12/2023 18:44,R_4GqfMrmBSQTsYfK,,,,,32.0803,34.7805,anonymous,HE,V25QLT4f,0,1,0,1,0,1,0,0,0,1,1,1,0,0,1,0,1,1,1,0,0,1,1,0,1,1,0,1,1,0,1,1,1,1,0,0,1,1,1,0,0,0,1,0,0,1,0,1,1,0,27
08/01/2024 23:44,08/01/2024 23:48,0,213.8.193.244,100,223,1,08/01/2024 23:48,R_4GpTChXHi50Vrah,,,,,32.0803,34.7805,anonymous,HE,lgAYMdeU,0,1,1,1,1,0,1,0,1,1,1,1,1,0,1,1,1,0,1,1,1,1,1,0,1,1,1,1,0,0,1,0,1,0,1,1,1,1,1,0,0,1,1,1,1,1,1,1,0,1,37
09/01/2024 19:04,09/01/2024 19:04,0,213.8.193.243,4,8,0,16/01/2024 19:25,R_4NUoC9L9eP518Lb,,,,,,,anonymous,HE,lgAYMdeU,,,,,,,,,,,,,,,,,,,,,,,,,,,,,,,,,,,,,,,,,,,,,,,,,,,
04/02/2024 11:31,04/02/2024 11:36,0,192.114.23.237,100,299,1,04/02/2024 11:36,R_6nrPTHfH0bTbDnr,,,,,32.0803,34.7805,anonymous,HE,vCVEgzru,1,0,1,1,0,0,0,0,0,1,1,1,1,0,0,0,0,0,0,0,0,0,0,1,0,0,0,1,0,0,0,1,1,1,0,0,0,0,0,0,0,0,0,0,0,1,0,1,1,0,15
06/02/2024 11:50,06/02/2024 11:57,0,80.246.130.242,100,438,1,06/02/2024 11:57,R_7AqQS5rKfoTqRq1,,,,,32.1033,34.8879,anonymous,HE,sFcoQxyJ,1,1,0,0,1,0,0,0,0,1,0,1,0,0,0,0,0,1,0,0,0,0,1,0,1,0,0,1,0,1,0,0,0,0,0,0,1,0,0,1,0,1,1,0,0,1,0,0,0,0,14
04/02/2024 11:36,04/02/2024 11:36,0,192.114.23.237,4,12,0,11/02/2024 11:36,R_214R9BUV8z74QlH,,,,,,,anonymous,HE,vCVEgzru,,,,,,,,,,,,,,,,,,,,,,,,,,,,,,,,,,,,,,,,,,,,,,,,,,,
13/02/2024 15:19,13/02/2024 15:24,0,192.114.23.229,100,303,1,13/02/2024 15:24,R_2JBMP6vbL4cXiHD,,,,,32.0803,34.7805,anonymous,HE,od8GVpsB,0,0,0,1,0,0,0,0,1,1,0,0,0,0,0,1,0,1,1,0,0,0,0,0,1,0,0,0,1,0,0,1,0,0,0,0,1,0,1,0,0,1,1,0,0,1,0,0,1,0,15
13/02/2024 15:24,13/02/2024 15:24,0,192.114.23.229,4,7,0,20/02/2024 15:24,R_4Flbj40M8v1SBHs,,,,,,,anonymous,HE,od8GVpsB,,,,,,,,,,,,,,,,,,,,,,,,,,,,,,,,,,,,,,,,,,,,,,,,,,,
05/03/2024 16:08,05/03/2024 16:15,0,176.12.229.160,100,430,1,05/03/2024 16:15,R_5Eo1dRiHwaQ6vf7,,,,,32.0803,34.7805,anonymous,HE,onRQQXIH,1,0,0,0,1,0,1,0,0,1,0,1,1,0,1,1,0,0,1,1,0,0,1,1,1,1,0,1,1,0,0,1,0,0,0,0,1,0,1,0,1,0,1,1,0,1,1,0,0,0,24
05/03/2024 20:50,05/03/2024 20:55,0,93.172.237.120,100,270,1,05/03/2024 20:55,R_6jTDxSxuuOPXv3H,,,,,31.7674,35.2186,anonymous,HE,EVhG6aHF,1,1,1,1,1,1,0,0,0,1,0,1,0,1,0,0,0,0,1,0,0,0,1,0,0,0,0,1,1,0,0,1,0,0,0,0,1,0,0,0,0,0,1,0,0,0,0,0,1,1,18
06/03/2024 11:36,06/03/2024 11:40,0,192.114.23.233,100,218,1,06/03/2024 11:40,R_7QDilWSIN907vkg,,,,,32.0803,34.7805,anonymous,HE,eC06dywT,0,0,0,1,0,0,0,0,0,1,0,1,0,0,0,0,0,1,1,0,0,0,0,0,1,1,0,1,0,0,1,1,0,0,0,0,0,0,1,0,0,0,0,0,0,0,0,0,0,0,10
06/03/2024 15:39,06/03/2024 15:43,0,109.186.33.49,100,246,1,06/03/2024 15:43,R_8fmN50IjkLRCjLj,,,,,32.0803,34.7805,anonymous,HE,1nHtC4ay,1,0,0,1,0,0,0,0,1,1,0,1,0,0,0,0,0,1,1,0,1,0,1,0,1,0,0,0,1,1,0,1,0,1,1,0,1,0,1,1,0,0,1,0,0,0,0,0,1,0,20
06/03/2024 16:02,06/03/2024 16:02,0,109.186.33.49,4,10,0,13/03/2024 16:02,R_4T8RmsJScLeT1xT,,,,,,,anonymous,HE,1nHtC4ay,,,,,,,,,,,,,,,,,,,,,,,,,,,,,,,,,,,,,,,,,,,,,,,,,,,
30/05/2024 18:37,30/05/2024 18:51,0,147.235.219.25,100,815,1,30/05/2024 18:51,R_2veZsPtqseRiUrn,,,,,31.9642,34.7876,anonymous,HE,xPZUwWmQ,0,1,0,1,0,0,0,0,0,1,0,0,0,1,0,1,0,0,0,0,0,0,1,0,1,0,0,1,1,1,0,0,0,0,0,0,0,0,0,0,0,0,1,0,0,1,0,1,1,1,14
10/06/2024 13:59,10/06/2024 14:03,0,31.154.134.222,100,199,1,10/06/2024 14:03,R_4K386NfFeb0pH8t,,,,,32.0803,34.7805,anonymous,HE,gtUVJQ4f,0,0,0,1,1,0,0,0,0,0,0,1,0,0,0,0,0,0,0,0,0,0,0,0,0,0,0,0,0,1,0,0,0,0,0,0,0,0,0,0,0,0,0,0,0,0,0,0,1,0,5
24/06/2024 14:37,24/06/2024 14:42,0,192.114.23.225,100,271,1,24/06/2024 14:42,R_29tTUFmPEOojOQn,,,,,32.0803,34.7805,anonymous,HE,QZt3R0lk,0,0,1,1,0,0,0,0,0,1,1,0,0,0,0,0,1,0,0,0,0,1,0,0,1,1,1,1,0,0,1,0,1,0,1,1,1,1,0,1,0,0,0,0,1,1,1,1,1,0,22
24/06/2024 17:35,24/06/2024 17:43,0,77.125.107.77,100,495,1,24/06/2024 17:43,R_2rd62J7CBWfMmbv,,,,,32.1772,34.9039,anonymous,HE,O2JjQXfg,1,0,0,1,1,0,0,0,1,1,0,1,1,0,0,0,1,1,1,0,0,0,1,1,1,0,0,1,0,1,0,0,0,1,0,0,1,0,1,1,0,0,1,0,0,1,0,0,0,1,21
26/06/2024 22:46,26/06/2024 22:53,0,93.173.45.220,100,369,1,26/06/2024 22:53,R_4vcyF0ZuOlz7glT,,,,,32.0803,34.7805,anonymous,HE,skLjvwiT,0,1,0,1,1,0,0,0,0,0,0,1,0,1,0,1,1,0,0,0,0,0,1,0,1,0,0,1,1,1,0,0,0,1,1,0,0,0,0,0,0,0,0,0,0,1,0,0,0,0,15
27/06/2024 22:57,27/06/2024 23:05,0,93.173.101.129,100,525,1,27/06/2024 23:05,R_4SObmjcn38INITn,,,,,32.0803,34.7805,anonymous,HE,pv54XYs0,1,1,1,1,1,0,0,0,0,0,0,1,0,1,0,1,0,1,0,1,1,1,1,0,1,1,1,0,0,0,1,0,0,1,1,0,1,1,1,0,0,1,1,0,1,1,1,0,1,0,28
24/06/2024 14:42,24/06/2024 14:42,0,192.114.23.225,4,7,0,01/07/2024 14:42,R_8N717QNUIBxt1oR,,,,,,,anonymous,HE,QZt3R0lk,,,,,,,,,,,,,,,,,,,,,,,,,,,,,,,,,,,,,,,,,,,,,,,,,,,
27/06/2024 8:49,27/06/2024 8:49,0,109.186.103.119,4,9,0,04/07/2024 8:49,R_4cjFLTRMgLCLZJM,,,,,,,anonymous,HE,skLjvwiT,,,,,,,,,,,,,,,,,,,,,,,,,,,,,,,,,,,,,,,,,,,,,,,,,,,